strain,supercontig,position,alt allele,ref allele,gene start, gene end, gene,
WY1604,Supercontig_1.1,362715,C,CA,362550,364270,HXT6:conserved_hypothetical_protein,
WY1604,Supercontig_1.1,362771,C,CT,362550,364270,HXT6:conserved_hypothetical_protein,
WY1604,Supercontig_1.1,743336,A,G,742162,746366,NUM1:nuclear_migration_protein,
WY1604,Supercontig_1.1,860100,T,A,860095,864067,DNF2:hypothetical_protein_similar_to_ATPase/transporter,
WY1604,Supercontig_1.1,860102,G,A,860095,864067,DNF2:hypothetical_protein_similar_to_ATPase/transporter,
WY1604,Supercontig_1.1,1006934,T,G,1005393,1007430,RAD61:conserved_hypothetical_protein,
WY1604,Supercontig_1.1,1064800,G,C,1063980,1065582,RPN4:26S_proteasome_regulatory_subunit,
WY1604,Supercontig_1.1,1204163,A,AG,1202149,1205630,CDC2:DNA_polymerase_III_catalytic_subunit,
WY1604,Supercontig_1.1,1204169,TG,T,1202149,1205630,CDC2:DNA_polymerase_III_catalytic_subunit,
WY1604,Supercontig_1.1,1478938,A,T,1478134,1479283,COS5:protein_COS7,
WY1604,Supercontig_1.1,1479000,G,C,1478134,1479283,COS5:protein_COS7,
WY1604,Supercontig_1.2,226392,A,C,223092,228947,UBR1:ubiquitin-protein_ligase_E3_component_N-recognin-1,
WY1604,Supercontig_1.2,654500,A,AT,653201,654516,:transposon_Ty2_protein_A,
WY1604,Supercontig_1.2,815947,A,T,814470,816875,:conserved_hypothetical_protein,
WY1604,Supercontig_1.3,161759,T,C,155632,164759,IRA2:inhibitory_regulator_protein,
WY1604,Supercontig_1.3,161760,C,T,155632,164759,IRA2:inhibitory_regulator_protein,
WY1604,Supercontig_1.3,161768,A,C,155632,164759,IRA2:inhibitory_regulator_protein,
WY1604,Supercontig_1.3,161773,A,C,155632,164759,IRA2:inhibitory_regulator_protein,
WY1604,Supercontig_1.3,601362,T,G,599448,604562,PDR5:suppressor_of_toxicity_of_sporidesmin,
WY1604,Supercontig_1.3,601620,G,A,599448,604562,PDR5:suppressor_of_toxicity_of_sporidesmin,
WY1604,Supercontig_1.3,684918,C,A,684305,685433,PEX27:conserved_hypothetical_protein,
WY1604,Supercontig_1.5,313007,G,C,311566,313250,FAR8:factor_arrest_protein_8,
WY1604,Supercontig_1.6,339593,T,C,337411,341588,LYS2:alpha_aminoadipate_reductase,
WY1604,Supercontig_1.6,339602,G,A,337411,341588,LYS2:alpha_aminoadipate_reductase,
WY1604,Supercontig_1.6,339620,T,C,337411,341588,LYS2:alpha_aminoadipate_reductase,
WY1604,Supercontig_1.6,339626,A,G,337411,341588,LYS2:alpha_aminoadipate_reductase,
WY1604,Supercontig_1.6,339632,T,A,337411,341588,LYS2:alpha_aminoadipate_reductase,
WY1604,Supercontig_1.6,339638,T,C,337411,341588,LYS2:alpha_aminoadipate_reductase,
WY1604,Supercontig_1.6,341588,C,T,337411,341588,LYS2:alpha_aminoadipate_reductase,
WY1604,Supercontig_1.6,426417,T,C,425964,426979,ECM8:hypothetical_protein,
WY1604,Supercontig_1.6,772560,G,GA,770805,774156,ECM21:extracellular_matrix_protein_21,
WY1604,Supercontig_1.7,6878,G,A,5891,7397,:hypothetical_protein_similar_to_deletion_suppressor_of_mpt5_mutation,
WY1604,Supercontig_1.7,136362,T,G,135265,137962,PRP2:RNA_splicing_factor_RNA-dependent_NTPase_with_DEAD-box_motif,
WY1604,Supercontig_1.7,174146,T,C,173338,175715,HEF3:translation_elongation_factor_3,
WY1604,Supercontig_1.7,501189,C,A,500538,502527,WHI3:protein,
WY1604,Supercontig_1.7,550359,A,G,549953,551015,URE2:protein,
WY1604,Supercontig_1.7,585216,GT,G,584963,585221,:hypothetical_protein,
WY1604,Supercontig_1.8,607302,AT,A,607064,608336,URA8:CTP_synthase,
WY1604,Supercontig_1.9,120051,G,A,118644,120054,STE3:pheromone_a_factor_receptor,
WY1604,Supercontig_1.9,542757,G,GA,541467,542991,:conserved_hypothetical_protein,
WY1604,Supercontig_1.9,542773,A,G,541467,542991,:conserved_hypothetical_protein,
WY1604,Supercontig_1.9,542818,A,G,541467,542991,:conserved_hypothetical_protein,
WY1604,Supercontig_1.10,103275,G,T,102638,103904,CRR1:conserved_hypothetical_protein,
WY1604,Supercontig_1.10,336665,G,C,336495,337431,RPP0:ribosomal_protein_P0,
WY1604,Supercontig_1.11,482094,T,C,480597,483726,RAD4:DNA_repair_protein,
WY1604,Supercontig_1.11,482142,T,G,480597,483726,RAD4:DNA_repair_protein,
WY1604,Supercontig_1.12,228712,A,C,228704,230062,SSF1:ribosome_biogenesis_protein,
WY1604,Supercontig_1.12,240662,A,C,238471,240894,ERG7:2,3-oxidosqualene-lanosterol_cyclase
WY1604,Supercontig_1.12,471947,G,A,471434,472901,GND1:6-phosphogluconate_dehydrogenase,
WY1604,Supercontig_1.12,471948,G,A,471434,472901,GND1:6-phosphogluconate_dehydrogenase,
WY1604,Supercontig_1.12,471949,T,A,471434,472901,GND1:6-phosphogluconate_dehydrogenase,
WY1604,Supercontig_1.12,471950,T,A,471434,472901,GND1:6-phosphogluconate_dehydrogenase,
WY1604,Supercontig_1.12,527860,T,G,525943,528265,FLO5:flocculin,
WY1604,Supercontig_1.12,527870,A,G,525943,528265,FLO5:flocculin,
WY1604,Supercontig_1.12,527946,C,T,525943,528265,FLO5:flocculin,
WY1604,Supercontig_1.12,527997,T,C,525943,528265,FLO5:flocculin,
WY1604,Supercontig_1.15,237664,AG,A,236583,240907,SSK22:serine/threonine-protein_kinase,
WY1604,Supercontig_1.15,261893,C,T,261711,266562,FIG2:GPI-anchored_cell_wall_protein,
WY1604,Supercontig_1.16,4110,T,C,3803,5204,PHO12:acid_phosphatase,
WY1604,Supercontig_1.16,195885,T,G,193703,196808,MET10:sulfite_reductase_alpha_subunit,
WY1604,Supercontig_1.16,254321,T,C,251366,254429,:conserved_hypothetical_protein,
WY1604,Supercontig_1.17,6759,G,C,6635,7229,:hypothetical_protein_similar_to_flocculin,